<?xml version="1.0" encoding="utf-8" ?>
<lom:lom xmlns="https://ocw.mit.edu/xmlns/LOM"
         xmlns:lom="https://ocw.mit.edu/xmlns/LOM"
         xmlns:ocwlom="https://ocw.mit.edu/xmlns/ocwLOM"
         xmlns:xsi="http://www.w3.org/2001/XMLSchema-instance"
         xsi:schemaLocation="https://ocw.mit.edu/xmlns/LOM https://ocw.mit.edu/xsd/LOM/lomv1.0/lomv1.0.xsd https://ocw.mit.edu/xmlns/ocwLOM https://ocw.mit.edu/xsd/ocwLOM/ocwlomv1.0/ocwlomv1.0.xsd">
  <!--************************************************************ 
  This LOM record was produced by an automatic transformation to IEEE LOM, from OpenCourseWare's (OCW) initial version of Learning Object Metadata (LOM). (The initial version was based on IMS Global Consortium's LOM.)
			********************************************************-->
<!--***************************-->
<!--**** GENERAL ****-->
<!--***************************-->
    <lom:general uniqueElementName="general">
        <lom:title uniqueElementName="title">
            <lom:string language="en">lecture_19.pdf</lom:string>
        </lom:title>
        <lom:description>
            <lom:string language="en">This resource gives information on applications of integration to volumes.</lom:string>
        </lom:description>
        <lom:language>en</lom:language>
        <lom:aggregationLevel uniqueElementName="aggregationLevel">
            <lom:source uniqueElementName="source">LOMv1.0</lom:source>
            <lom:value uniqueElementName="value">2</lom:value>
        </lom:aggregationLevel>
    </lom:general>
<!--***************************-->
<!--**** LIFECYCLE ****-->
<!--***************************-->
    <lom:lifeCycle uniqueElementName="lifeCycle">
        <lom:version uniqueElementName="version">
            <lom:string language="en">Fall 2005</lom:string>
        </lom:version>
        <lom:contribute>
            <lom:role>
                <lom:source uniqueElementName="source">OCW_LOMv1.0</lom:source>
                <lom:value uniqueElementName="value">Author</lom:value>
            </lom:role>
            <lom:entity>Starr, Jason</lom:entity>
            <lom:date uniqueElementName="date">
                <lom:dateTime uniqueElementName="dateTime">2020-12-24</lom:dateTime>
            </lom:date>
        </lom:contribute>
        
    </lom:lifeCycle>
<!--***************************-->
<!--**** TECHNICAL ****-->
<!--***************************-->
    <lom:technical uniqueElementName="technical">
        <lom:location>/courses/mathematics/18-01-single-variable-calculus-fall-2005/lecture-notes/lecture_19.pdf</lom:location>
        <lom:format>application/pdf</lom:format>
        <lom:otherPlatformRequirements>
			<lom:string language="en"></lom:string>
		</lom:otherPlatformRequirements>
		<lom:size>184938</lom:size>
        <lom:requirement>
            <lom:orComposite>
                <lom:type uniqueElementName="type">
                    <lom:source uniqueElementName="source">LOMv1.0</lom:source>
                    <lom:value uniqueElementName="value">Browser</lom:value>
                </lom:type>
                <lom:name uniqueElementName="name">
                    <lom:source uniqueElementName="source">LOMv1.0</lom:source>
                    <lom:value uniqueElementName="value">Chrome</lom:value>
                </lom:name>
                <lom:minimumVersion
    uniqueElementName="minimumVersion">40.0</lom:minimumVersion>
            </lom:orComposite>
            <lom:orComposite>
                <lom:type uniqueElementName="type">
                    <lom:source uniqueElementName="source">LOMv1.0</lom:source>
                    <lom:value uniqueElementName="value">Browser</lom:value>
                </lom:type>
                <lom:name uniqueElementName="name">
                    <lom:source uniqueElementName="source">LOMv1.0</lom:source>
                    <lom:value uniqueElementName="value">Safari</lom:value>
                </lom:name>
                <lom:minimumVersion
    uniqueElementName="minimumVersion">8.0</lom:minimumVersion>
            </lom:orComposite>
            <lom:orComposite>
                <lom:type uniqueElementName="type">
                    <lom:source uniqueElementName="source">LOMv1.0</lom:source>
                    <lom:value uniqueElementName="value">Browser</lom:value>
                </lom:type>
                <lom:name uniqueElementName="name">
                    <lom:source uniqueElementName="source">LOMv1.0</lom:source>
                    <lom:value uniqueElementName="value">Mozilla Firefox</lom:value>
                </lom:name>
                <lom:minimumVersion
    uniqueElementName="minimumVersion">38.0</lom:minimumVersion>
            </lom:orComposite>
            <lom:orComposite>
                <lom:type uniqueElementName="type">
                    <lom:source uniqueElementName="source">LOMv1.0</lom:source>
                    <lom:value uniqueElementName="value">Browser</lom:value>
                </lom:type>
                <lom:name uniqueElementName="name">
                    <lom:source uniqueElementName="source">LOMv1.0</lom:source>
                    <lom:value uniqueElementName="value">Internet Explorer</lom:value>
                </lom:name>
                <lom:minimumVersion
    uniqueElementName="minimumVersion">9.0</lom:minimumVersion>
            </lom:orComposite>
            <lom:orComposite>
                <lom:type uniqueElementName="type">
                    <lom:source uniqueElementName="source">LOMv1.0</lom:source>
                    <lom:value uniqueElementName="value">Browser</lom:value>
                </lom:type>
                <lom:name uniqueElementName="name">
                    <lom:source uniqueElementName="source">LOMv1.0</lom:source>
                    <lom:value uniqueElementName="value">Edge</lom:value>
                </lom:name>
                <lom:minimumVersion
    uniqueElementName="minimumVersion">13.1</lom:minimumVersion>
            </lom:orComposite>
            <lom:orComposite>
                <lom:type uniqueElementName="type">
                    <lom:source uniqueElementName="source">LOMv1.0</lom:source>
                    <lom:value uniqueElementName="value">Others</lom:value>
                </lom:type>
                <lom:name uniqueElementName="name">
                    <lom:source uniqueElementName="source">LOMv1.0</lom:source>
                    <lom:value uniqueElementName="value">Adobe Acrobat</lom:value>
                </lom:name>
                <lom:minimumVersion
    uniqueElementName="minimumVersion">9.0</lom:minimumVersion>
            </lom:orComposite>
        </lom:requirement>
    </lom:technical>
<!--***************************-->
<!--**** EDUCATIONAL ****-->
<!--***************************-->
    <lom:educational>
    	<lom:learningResourceType>
			<lom:source uniqueElementName="source">LOMv1.0</lom:source>
			<lom:value uniqueElementName="value">Reference Material | Article</lom:value>
		</lom:learningResourceType>
        <lom:context>
            <lom:source uniqueElementName="source">OCW_LOMv1.0</lom:source>
            <lom:value uniqueElementName="value">Undergraduate</lom:value>
        </lom:context>
        <lom:description>
			<lom:string language="en"></lom:string>
		</lom:description>
    </lom:educational>
<!--***************************-->
<!--**** RIGHTS ****-->
<!--***************************-->
    <lom:rights uniqueElementName="rights">
        <lom:copyrightAndOtherRestrictions uniqueElementName="copyrightAndOtherRestrictions">
            <lom:source uniqueElementName="source">LOMv1.0</lom:source>
            <lom:value uniqueElementName="value">yes</lom:value>
        </lom:copyrightAndOtherRestrictions>
        <lom:description>
            <lom:string language="en">This site (c) Massachusetts Institute of Technology 2020.  Content within individual courses is (c) by the individual authors unless otherwise noted. The Massachusetts Institute of Technology is providing this Work (as defined below) under the terms of this Creative Commons public license ("CCPL" or "license") unless otherwise noted. The Work is protected by copyright and/or other applicable law. Any use of the work other than as authorized under this license is prohibited. By exercising any of the rights to the Work provided here, You (as defined below) accept and agree to be bound by the terms of this license. The Licensor, the Massachusetts Institute of Technology, grants You the rights contained here in consideration of Your acceptance of such terms and conditions.</lom:string>
        </lom:description>
    </lom:rights>
<!--***************************-->
<!--**** RELATION ****-->
<!--***************************-->
    <lom:relation>
        <lom:kind uniqueElementName="kind">
            <lom:source uniqueElementName="source">LOMv1.0</lom:source>
            <lom:value uniqueElementName="value">ispartof</lom:value>
        </lom:kind>
        <lom:resource uniqueElementName="resource">
            <lom:identifier>
                <lom:catalog uniqueElementName="catalog">OCW Master Course Number</lom:catalog>
                <lom:entry uniqueElementName="entry">18.01 Single Variable Calculus Fall 2005</lom:entry>
            </lom:identifier>
            <lom:description>
                <lom:string language="en">This introductory calculus course covers differentiation and integration of functions of one variable, with applications.</lom:string>
            </lom:description>
        </lom:resource>
    </lom:relation>
<!--***************************-->
<!--**** CLASSIFICATION ****-->
<!--***************************-->
    <lom:classification>
    </lom:classification>
</lom:lom>
