<?xml version="1.0" encoding="utf-8" ?>
<manifest xmlns="http://www.imsglobal.org/xsd/imscp_v1p1"
          xmlns:xsi="http://www.w3.org/2001/XMLSchema-instance"
          xmlns:adlcp="http://www.adlnet.org/xsd/adlcp_rootv1p2"
          xmlns:cwsp="http://www.dspace.org/xmlns/cwspace_imscp"
          xmlns:ocw="https://ocw.mit.edu/xmlns/ocw_imscp"
          xmlns:lom="https://ocw.mit.edu/xmlns/LOM"
          identifier="urn_edu.mit.ocw_18-01-single-variable-calculus-fall-2005"
          version="2020-12-24T15:25:3"
          cwsp:packageType="Course"
          xml:base="18-01-fall-2005/"
          xsi:schemaLocation="http://www.imsglobal.org/xsd/imscp_v1p1 http://www.imsglobal.org/xsd/imscp_v1p1.xsd  http://www.adlnet.org/xsd/adlcp_rootv1p2 http://www.adlnet.org/xsd/adlcp_rootv1p2.xsd http://www.dspace.org/xmlns/cwspace_imscp http://www.dspace.org/xsd/cwspace_imscp/version10/cwspace_imscpv10.xsd https://ocw.mit.edu/xmlns/ocw_imscp https://ocw.mit.edu/xsd/ocw_imscp/version10/ocw_imscpv10.xsd https://ocw.mit.edu/xmlns/LOM https://ocw.mit.edu/xsd/LOM/lomv1.0/lomv1.0.xsd">
   	<metadata>
   		<schema>IMS Content</schema>
        <schemaversion>1.1</schemaversion>
        <cwsp:packageMetadata>
            <cwsp:sourceSystem>OCW</cwsp:sourceSystem>
            <cwsp:profile>CWSpace</cwsp:profile>
            <cwsp:profileVersion>0.1</cwsp:profileVersion>
        </cwsp:packageMetadata>
        <lom:general uniqueElementName="general">
            <lom:title uniqueElementName="title">
				<lom:string language="en">Single Variable Calculus</lom:string>
			</lom:title>
			<lom:identifier>
				<lom:catalog uniqueElementName="catalog">OCW Master Course Number</lom:catalog>
		      	<lom:entry uniqueElementName="entry">18.01</lom:entry>
			</lom:identifier>
        </lom:general>
        <lom:lifecycle uniqueElementName="lifeCycle">
            <lom:version uniqueElementName="version">
				<lom:string language="en">Fall 2005</lom:string>
			</lom:version>
            <lom:contribute>
	            <lom:role>
	                <lom:source uniqueElementName="source">OCW_LOMv1.0</lom:source>
	                <lom:value uniqueElementName="value">Author</lom:value>
	            </lom:role>
	            <lom:entity>Starr, Jason</lom:entity>
	            <lom:date uniqueElementName="date">
	                <lom:dateTime uniqueElementName="dateTime">2020-12-24</lom:dateTime>
	            </lom:date>
        	</lom:contribute>
        </lom:lifecycle>
        <lom:relation uniqueElementName="relation">
        	<lom:kind uniqueElementName="kind">
        		<lom:source uniqueElementName="source">OCW_LOMv1.0</lom:source>
        		<lom:value uniqueElementName="value">isbasedon</lom:value>
        	</lom:kind>
        	<lom:resource uniqueElementName="resource">
        		<lom:identifier>
        			<lom:catalog uniqueElementName="catalog">URI</lom:catalog>
        			<lom:entry uniqueElementName="entry">http://hdl.handle.net/1721.1/34901</lom:entry>
        		</lom:identifier>
        		<lom:description uniqueElementName="description">
        			<lom:string language="en">Previous version of the course</lom:string>
        		</lom:description>
        	</lom:resource>
        </lom:relation>
        <lom:taxonPath>
            <lom:source uniqueElementName="source">
                <lom:string language="en">OCW Course Topics</lom:string>
            </lom:source>
            <lom:taxon>
                <lom:entry uniqueElementName="entry">
                    <lom:string language="en">Mathematics</lom:string>
                </lom:entry>
            </lom:taxon>
            <lom:taxon>
                <lom:entry uniqueElementName="entry">
                    <lom:string language="en">Calculus</lom:string>
                </lom:entry>
            </lom:taxon>
            
        </lom:taxonPath>
        <lom:taxonPath>
            <lom:source uniqueElementName="source">
                <lom:string language="en">OCW Course Topics</lom:string>
            </lom:source>
            <lom:taxon>
                <lom:entry uniqueElementName="entry">
                    <lom:string language="en">Mathematics</lom:string>
                </lom:entry>
            </lom:taxon>
            <lom:taxon>
                <lom:entry uniqueElementName="entry">
                    <lom:string language="en">Differential Equations</lom:string>
                </lom:entry>
            </lom:taxon>
            
        </lom:taxonPath>        
        <adlcp:location>contents/index.htm.xml</adlcp:location>
    </metadata>
    <organizations default="ocw_18-01-single-variable-calculus-fall-2005">
        <organization identifier="ocw_18-01-single-variable-calculus-fall-2005">
            <title>Single Variable Calculus</title>
            <item identifier="i_18-01-single-variable-calculus-fall-2005.CourseHome"
                  identifierref="r_contents.index.htm"
                  ocw:sectionTemplateType="CourseHomePage"
                  ocw:sectionTemplateVersion="2020-12-24">
				<title>Single Variable Calculus</title>
				<item identifier="i_18-01-single-variable-calculus-fall-2005.18-01f05.jpg"
          identifierref="r_contents.18-01f05.jpg">
				<title>18-01f05.jpg</title>
				</item>
				<item identifier="i_18-01-single-variable-calculus-fall-2005.18-01f05-th.jpg"
          identifierref="r_contents.18-01f05-th.jpg">
				<title>18-01f05-th.jpg</title>
				</item>
			</item>
            <item identifier="i_18-01-single-variable-calculus-fall-2005.syllabus"
                  identifierref="r_contents.syllabus.index.htm"
                  ocw:sectionTemplateType="CourseSection"
                  ocw:sectionTemplateVersion="2020-12-24">
				<title>Syllabus</title>
			</item>
            <item identifier="i_18-01-single-variable-calculus-fall-2005.calendar"
                  identifierref="r_contents.calendar.index.htm"
                  ocw:sectionTemplateType="CourseSection"
                  ocw:sectionTemplateVersion="2020-12-24">
				<title>Calendar</title>
			</item>
            <item identifier="i_18-01-single-variable-calculus-fall-2005.readings"
                  identifierref="r_contents.readings.index.htm"
                  ocw:sectionTemplateType="CourseSection"
                  ocw:sectionTemplateVersion="2020-12-24">
				<title>Readings</title>
			</item>
            <item identifier="i_18-01-single-variable-calculus-fall-2005.lecture-notes"
                  identifierref="r_contents.lecture-notes.index.htm"
                  ocw:sectionTemplateType="CourseSection"
                  ocw:sectionTemplateVersion="2020-12-24">
				<title>Lecture Notes</title>
				<item identifier="i_18-01-single-variable-calculus-fall-2005.lecture-notes.lecture_30.pdf"
          identifierref="r_contents.lecture-notes.lecture_30.pdf">
				<title>lecture_30.pdf</title>
				</item>
				<item identifier="i_18-01-single-variable-calculus-fall-2005.lecture-notes.lecture_28.pdf"
          identifierref="r_contents.lecture-notes.lecture_28.pdf">
				<title>lecture_28.pdf</title>
				</item>
				<item identifier="i_18-01-single-variable-calculus-fall-2005.lecture-notes.lecture_32.pdf"
          identifierref="r_contents.lecture-notes.lecture_32.pdf">
				<title>lecture_32.pdf</title>
				</item>
				<item identifier="i_18-01-single-variable-calculus-fall-2005.lecture-notes.lecture_15.pdf"
          identifierref="r_contents.lecture-notes.lecture_15.pdf">
				<title>lecture_15.pdf</title>
				</item>
				<item identifier="i_18-01-single-variable-calculus-fall-2005.lecture-notes.lecture_14.pdf"
          identifierref="r_contents.lecture-notes.lecture_14.pdf">
				<title>lecture_14.pdf</title>
				</item>
				<item identifier="i_18-01-single-variable-calculus-fall-2005.lecture-notes.lecture_3.pdf"
          identifierref="r_contents.lecture-notes.lecture_3.pdf">
				<title>lecture_3.pdf</title>
				</item>
				<item identifier="i_18-01-single-variable-calculus-fall-2005.lecture-notes.lecture_24.pdf"
          identifierref="r_contents.lecture-notes.lecture_24.pdf">
				<title>lecture_24.pdf</title>
				</item>
				<item identifier="i_18-01-single-variable-calculus-fall-2005.lecture-notes.lecture_20.pdf"
          identifierref="r_contents.lecture-notes.lecture_20.pdf">
				<title>lecture_20.pdf</title>
				</item>
				<item identifier="i_18-01-single-variable-calculus-fall-2005.lecture-notes.lecture_6.pdf"
          identifierref="r_contents.lecture-notes.lecture_6.pdf">
				<title>lecture_6.pdf</title>
				</item>
				<item identifier="i_18-01-single-variable-calculus-fall-2005.lecture-notes.lecture_13.pdf"
          identifierref="r_contents.lecture-notes.lecture_13.pdf">
				<title>lecture_13.pdf</title>
				</item>
				<item identifier="i_18-01-single-variable-calculus-fall-2005.lecture-notes.lecture_19.pdf"
          identifierref="r_contents.lecture-notes.lecture_19.pdf">
				<title>lecture_19.pdf</title>
				</item>
				<item identifier="i_18-01-single-variable-calculus-fall-2005.lecture-notes.lecture_7.pdf"
          identifierref="r_contents.lecture-notes.lecture_7.pdf">
				<title>lecture_7.pdf</title>
				</item>
				<item identifier="i_18-01-single-variable-calculus-fall-2005.lecture-notes.lecture_5.pdf"
          identifierref="r_contents.lecture-notes.lecture_5.pdf">
				<title>lecture_5.pdf</title>
				</item>
				<item identifier="i_18-01-single-variable-calculus-fall-2005.lecture-notes.lecture_27.pdf"
          identifierref="r_contents.lecture-notes.lecture_27.pdf">
				<title>lecture_27.pdf</title>
				</item>
				<item identifier="i_18-01-single-variable-calculus-fall-2005.lecture-notes.lecture_11.pdf"
          identifierref="r_contents.lecture-notes.lecture_11.pdf">
				<title>lecture_11.pdf</title>
				</item>
				<item identifier="i_18-01-single-variable-calculus-fall-2005.lecture-notes.lecture_23.pdf"
          identifierref="r_contents.lecture-notes.lecture_23.pdf">
				<title>lecture_23.pdf</title>
				</item>
				<item identifier="i_18-01-single-variable-calculus-fall-2005.lecture-notes.ocw01f05sums.pdf"
          identifierref="r_contents.lecture-notes.ocw01f05sums.pdf">
				<title>ocw01f05sums.pdf</title>
				</item>
				<item identifier="i_18-01-single-variable-calculus-fall-2005.lecture-notes.lecture_31.pdf"
          identifierref="r_contents.lecture-notes.lecture_31.pdf">
				<title>lecture_31.pdf</title>
				</item>
				<item identifier="i_18-01-single-variable-calculus-fall-2005.lecture-notes.lecture_9.pdf"
          identifierref="r_contents.lecture-notes.lecture_9.pdf">
				<title>lecture_9.pdf</title>
				</item>
				<item identifier="i_18-01-single-variable-calculus-fall-2005.lecture-notes.lecture_21.pdf"
          identifierref="r_contents.lecture-notes.lecture_21.pdf">
				<title>lecture_21.pdf</title>
				</item>
				<item identifier="i_18-01-single-variable-calculus-fall-2005.lecture-notes.lecture_25.pdf"
          identifierref="r_contents.lecture-notes.lecture_25.pdf">
				<title>lecture_25.pdf</title>
				</item>
				<item identifier="i_18-01-single-variable-calculus-fall-2005.lecture-notes.lecture_18.pdf"
          identifierref="r_contents.lecture-notes.lecture_18.pdf">
				<title>lecture_18.pdf</title>
				</item>
				<item identifier="i_18-01-single-variable-calculus-fall-2005.lecture-notes.lecture_17.pdf"
          identifierref="r_contents.lecture-notes.lecture_17.pdf">
				<title>lecture_17.pdf</title>
				</item>
				<item identifier="i_18-01-single-variable-calculus-fall-2005.lecture-notes.lecture_10.pdf"
          identifierref="r_contents.lecture-notes.lecture_10.pdf">
				<title>lecture_10.pdf</title>
				</item>
				<item identifier="i_18-01-single-variable-calculus-fall-2005.lecture-notes.lecture_29.pdf"
          identifierref="r_contents.lecture-notes.lecture_29.pdf">
				<title>lecture_29.pdf</title>
				</item>
				<item identifier="i_18-01-single-variable-calculus-fall-2005.lecture-notes.lecture_2.pdf"
          identifierref="r_contents.lecture-notes.lecture_2.pdf">
				<title>lecture_2.pdf</title>
				</item>
				<item identifier="i_18-01-single-variable-calculus-fall-2005.lecture-notes.lecture_8.pdf"
          identifierref="r_contents.lecture-notes.lecture_8.pdf">
				<title>lecture_8.pdf</title>
				</item>
				<item identifier="i_18-01-single-variable-calculus-fall-2005.lecture-notes.lecture_12.pdf"
          identifierref="r_contents.lecture-notes.lecture_12.pdf">
				<title>lecture_12.pdf</title>
				</item>
				<item identifier="i_18-01-single-variable-calculus-fall-2005.lecture-notes.lecture_16.pdf"
          identifierref="r_contents.lecture-notes.lecture_16.pdf">
				<title>lecture_16.pdf</title>
				</item>
				<item identifier="i_18-01-single-variable-calculus-fall-2005.lecture-notes.lecture_26.pdf"
          identifierref="r_contents.lecture-notes.lecture_26.pdf">
				<title>lecture_26.pdf</title>
				</item>
				<item identifier="i_18-01-single-variable-calculus-fall-2005.lecture-notes.lecture_4.pdf"
          identifierref="r_contents.lecture-notes.lecture_4.pdf">
				<title>lecture_4.pdf</title>
				</item>
				<item identifier="i_18-01-single-variable-calculus-fall-2005.lecture-notes.lecture_1.pdf"
          identifierref="r_contents.lecture-notes.lecture_1.pdf">
				<title>lecture_1.pdf</title>
				</item>
				<item identifier="i_18-01-single-variable-calculus-fall-2005.lecture-notes.lecture_22.pdf"
          identifierref="r_contents.lecture-notes.lecture_22.pdf">
				<title>lecture_22.pdf</title>
				</item>
			</item>
            <item identifier="i_18-01-single-variable-calculus-fall-2005.assignments"
                  identifierref="r_contents.assignments.index.htm"
                  ocw:sectionTemplateType="CourseSection"
                  ocw:sectionTemplateVersion="2020-12-24">
				<title>Assignments</title>
				<item identifier="i_18-01-single-variable-calculus-fall-2005.assignments.ps6_2c.pdf"
          identifierref="r_contents.assignments.ps6_2c.pdf">
				<title>ps6_2c.pdf</title>
				</item>
				<item identifier="i_18-01-single-variable-calculus-fall-2005.assignments.ps6_p2a.pdf"
          identifierref="r_contents.assignments.ps6_p2a.pdf">
				<title>ps6_p2a.pdf</title>
				</item>
				<item identifier="i_18-01-single-variable-calculus-fall-2005.assignments.ps6_ja.pdf"
          identifierref="r_contents.assignments.ps6_ja.pdf">
				<title>ps6_ja.pdf</title>
				</item>
				<item identifier="i_18-01-single-variable-calculus-fall-2005.assignments.ps6_ha.pdf"
          identifierref="r_contents.assignments.ps6_ha.pdf">
				<title>ps6_ha.pdf</title>
				</item>
				<item identifier="i_18-01-single-variable-calculus-fall-2005.assignments.ps6_p2.pdf"
          identifierref="r_contents.assignments.ps6_p2.pdf">
				<title>ps6_p2.pdf</title>
				</item>
				<item identifier="i_18-01-single-variable-calculus-fall-2005.assignments.5d.pdf"
          identifierref="r_contents.assignments.5d.pdf">
				<title>5d.pdf</title>
				</item>
				<item identifier="i_18-01-single-variable-calculus-fall-2005.assignments.ocw01f05ps1soln.pdf"
          identifierref="r_contents.assignments.ocw01f05ps1soln.pdf">
				<title>ocw01f05ps1soln.pdf</title>
				</item>
				<item identifier="i_18-01-single-variable-calculus-fall-2005.assignments.ocw01f05ps5soln.pdf"
          identifierref="r_contents.assignments.ocw01f05ps5soln.pdf">
				<title>ocw01f05ps5soln.pdf</title>
				</item>
				<item identifier="i_18-01-single-variable-calculus-fall-2005.assignments.ps6_hb.pdf"
          identifierref="r_contents.assignments.ps6_hb.pdf">
				<title>ps6_hb.pdf</title>
				</item>
				<item identifier="i_18-01-single-variable-calculus-fall-2005.assignments.ocw01f05ps7.pdf"
          identifierref="r_contents.assignments.ocw01f05ps7.pdf">
				<title>ocw01f05ps7.pdf</title>
				</item>
				<item identifier="i_18-01-single-variable-calculus-fall-2005.assignments.ocw01f05ps8.pdf"
          identifierref="r_contents.assignments.ocw01f05ps8.pdf">
				<title>ocw01f05ps8.pdf</title>
				</item>
				<item identifier="i_18-01-single-variable-calculus-fall-2005.assignments.ps5prob1.pdf"
          identifierref="r_contents.assignments.ps5prob1.pdf">
				<title>ps5prob1.pdf</title>
				</item>
				<item identifier="i_18-01-single-variable-calculus-fall-2005.assignments.ocw01f05ps1.pdf"
          identifierref="r_contents.assignments.ocw01f05ps1.pdf">
				<title>ocw01f05ps1.pdf</title>
				</item>
				<item identifier="i_18-01-single-variable-calculus-fall-2005.assignments.ocw01f05ps6.pdf"
          identifierref="r_contents.assignments.ocw01f05ps6.pdf">
				<title>ocw01f05ps6.pdf</title>
				</item>
				<item identifier="i_18-01-single-variable-calculus-fall-2005.assignments.astroid.pdf"
          identifierref="r_contents.assignments.astroid.pdf">
				<title>astroid.pdf</title>
				</item>
				<item identifier="i_18-01-single-variable-calculus-fall-2005.assignments.ocw01f05ps8soln.pdf"
          identifierref="r_contents.assignments.ocw01f05ps8soln.pdf">
				<title>ocw01f05ps8soln.pdf</title>
				</item>
				<item identifier="i_18-01-single-variable-calculus-fall-2005.assignments.ocw01f05ps3.pdf"
          identifierref="r_contents.assignments.ocw01f05ps3.pdf">
				<title>ocw01f05ps3.pdf</title>
				</item>
				<item identifier="i_18-01-single-variable-calculus-fall-2005.assignments.ocw01f05ps2soln.pdf"
          identifierref="r_contents.assignments.ocw01f05ps2soln.pdf">
				<title>ocw01f05ps2soln.pdf</title>
				</item>
				<item identifier="i_18-01-single-variable-calculus-fall-2005.assignments.ocw01f05ps6soln.pdf"
          identifierref="r_contents.assignments.ocw01f05ps6soln.pdf">
				<title>ocw01f05ps6soln.pdf</title>
				</item>
				<item identifier="i_18-01-single-variable-calculus-fall-2005.assignments.ps6_g.pdf"
          identifierref="r_contents.assignments.ps6_g.pdf">
				<title>ps6_g.pdf</title>
				</item>
				<item identifier="i_18-01-single-variable-calculus-fall-2005.assignments.ps5b.pdf"
          identifierref="r_contents.assignments.ps5b.pdf">
				<title>ps5b.pdf</title>
				</item>
				<item identifier="i_18-01-single-variable-calculus-fall-2005.assignments.ps6_hc.pdf"
          identifierref="r_contents.assignments.ps6_hc.pdf">
				<title>ps6_hc.pdf</title>
				</item>
				<item identifier="i_18-01-single-variable-calculus-fall-2005.assignments.ocw01f05ps3soln.pdf"
          identifierref="r_contents.assignments.ocw01f05ps3soln.pdf">
				<title>ocw01f05ps3soln.pdf</title>
				</item>
				<item identifier="i_18-01-single-variable-calculus-fall-2005.assignments.5c.pdf"
          identifierref="r_contents.assignments.5c.pdf">
				<title>5c.pdf</title>
				</item>
				<item identifier="i_18-01-single-variable-calculus-fall-2005.assignments.ocw01f05ps5.pdf"
          identifierref="r_contents.assignments.ocw01f05ps5.pdf">
				<title>ocw01f05ps5.pdf</title>
				</item>
				<item identifier="i_18-01-single-variable-calculus-fall-2005.assignments.ocw01f05ps2.pdf"
          identifierref="r_contents.assignments.ocw01f05ps2.pdf">
				<title>ocw01f05ps2.pdf</title>
				</item>
				<item identifier="i_18-01-single-variable-calculus-fall-2005.assignments.ocw01f05ps7soln.pdf"
          identifierref="r_contents.assignments.ocw01f05ps7soln.pdf">
				<title>ocw01f05ps7soln.pdf</title>
				</item>
				<item identifier="i_18-01-single-variable-calculus-fall-2005.assignments.ocw01f05ps4soln.pdf"
          identifierref="r_contents.assignments.ocw01f05ps4soln.pdf">
				<title>ocw01f05ps4soln.pdf</title>
				</item>
				<item identifier="i_18-01-single-variable-calculus-fall-2005.assignments.ocw01f05ps4.pdf"
          identifierref="r_contents.assignments.ocw01f05ps4.pdf">
				<title>ocw01f05ps4.pdf</title>
				</item>
			</item>
            <item identifier="i_18-01-single-variable-calculus-fall-2005.exams"
                  identifierref="r_contents.exams.index.htm"
                  ocw:sectionTemplateType="CourseSection"
                  ocw:sectionTemplateVersion="2020-12-24">
				<title>Exams</title>
				<item identifier="i_18-01-single-variable-calculus-fall-2005.exams.ocw01exam2.pdf"
          identifierref="r_contents.exams.ocw01exam2.pdf">
				<title>ocw01exam2.pdf</title>
				</item>
				<item identifier="i_18-01-single-variable-calculus-fall-2005.exams.pfc.pdf"
          identifierref="r_contents.exams.pfc.pdf">
				<title>pfc.pdf</title>
				</item>
				<item identifier="i_18-01-single-variable-calculus-fall-2005.exams.pfa.pdf"
          identifierref="r_contents.exams.pfa.pdf">
				<title>pfa.pdf</title>
				</item>
				<item identifier="i_18-01-single-variable-calculus-fall-2005.exams.ocw01f05exam3sol.pdf"
          identifierref="r_contents.exams.ocw01f05exam3sol.pdf">
				<title>ocw01f05exam3sol.pdf</title>
				</item>
				<item identifier="i_18-01-single-variable-calculus-fall-2005.exams.ocw01exam4.pdf"
          identifierref="r_contents.exams.ocw01exam4.pdf">
				<title>ocw01exam4.pdf</title>
				</item>
				<item identifier="i_18-01-single-variable-calculus-fall-2005.exams.pfb.pdf"
          identifierref="r_contents.exams.pfb.pdf">
				<title>pfb.pdf</title>
				</item>
				<item identifier="i_18-01-single-variable-calculus-fall-2005.exams.ocw01f05exam3.pdf"
          identifierref="r_contents.exams.ocw01f05exam3.pdf">
				<title>ocw01f05exam3.pdf</title>
				</item>
				<item identifier="i_18-01-single-variable-calculus-fall-2005.exams.ocw01f05exam1.pdf"
          identifierref="r_contents.exams.ocw01f05exam1.pdf">
				<title>ocw01f05exam1.pdf</title>
				</item>
				<item identifier="i_18-01-single-variable-calculus-fall-2005.exams.ocw01f05exam5sol.pdf"
          identifierref="r_contents.exams.ocw01f05exam5sol.pdf">
				<title>ocw01f05exam5sol.pdf</title>
				</item>
				<item identifier="i_18-01-single-variable-calculus-fall-2005.exams.ocw01f05exam4sol.pdf"
          identifierref="r_contents.exams.ocw01f05exam4sol.pdf">
				<title>ocw01f05exam4sol.pdf</title>
				</item>
				<item identifier="i_18-01-single-variable-calculus-fall-2005.exams.ocw01f05exam5pra.pdf"
          identifierref="r_contents.exams.ocw01f05exam5pra.pdf">
				<title>ocw01f05exam5pra.pdf</title>
				</item>
				<item identifier="i_18-01-single-variable-calculus-fall-2005.exams.ocw01f05exam4.pdf"
          identifierref="r_contents.exams.ocw01f05exam4.pdf">
				<title>ocw01f05exam4.pdf</title>
				</item>
				<item identifier="i_18-01-single-variable-calculus-fall-2005.exams.ocw01exam3.pdf"
          identifierref="r_contents.exams.ocw01exam3.pdf">
				<title>ocw01exam3.pdf</title>
				</item>
				<item identifier="i_18-01-single-variable-calculus-fall-2005.exams.ocw01f05exam2.pdf"
          identifierref="r_contents.exams.ocw01f05exam2.pdf">
				<title>ocw01f05exam2.pdf</title>
				</item>
				<item identifier="i_18-01-single-variable-calculus-fall-2005.exams.exam4c.jpg"
          identifierref="r_contents.exams.exam4c.jpg">
				<title>exam4c.jpg</title>
				</item>
				<item identifier="i_18-01-single-variable-calculus-fall-2005.exams.ocw01exam1.pdf"
          identifierref="r_contents.exams.ocw01exam1.pdf">
				<title>ocw01exam1.pdf</title>
				</item>
				<item identifier="i_18-01-single-variable-calculus-fall-2005.exams.ocw01f05finalpra.pdf"
          identifierref="r_contents.exams.ocw01f05finalpra.pdf">
				<title>ocw01f05finalpra.pdf</title>
				</item>
				<item identifier="i_18-01-single-variable-calculus-fall-2005.exams.ocw01f05exam2sol.pdf"
          identifierref="r_contents.exams.ocw01f05exam2sol.pdf">
				<title>ocw01f05exam2sol.pdf</title>
				</item>
				<item identifier="i_18-01-single-variable-calculus-fall-2005.exams.ocw01f05exam1sol.pdf"
          identifierref="r_contents.exams.ocw01f05exam1sol.pdf">
				<title>ocw01f05exam1sol.pdf</title>
				</item>
				<item identifier="i_18-01-single-variable-calculus-fall-2005.exams.ocw01f05exam5.pdf"
          identifierref="r_contents.exams.ocw01f05exam5.pdf">
				<title>ocw01f05exam5.pdf</title>
				</item>
				<item identifier="i_18-01-single-variable-calculus-fall-2005.exams.ocwpractfinal.pdf"
          identifierref="r_contents.exams.ocwpractfinal.pdf">
				<title>ocwpractfinal.pdf</title>
				</item>
				<item identifier="i_18-01-single-variable-calculus-fall-2005.exams.ocw01exam5.pdf"
          identifierref="r_contents.exams.ocw01exam5.pdf">
				<title>ocw01exam5.pdf</title>
				</item>
				<item identifier="i_18-01-single-variable-calculus-fall-2005.exams.ocwpracsolns.pdf"
          identifierref="r_contents.exams.ocwpracsolns.pdf">
				<title>ocwpracsolns.pdf</title>
				</item>
				<item identifier="i_18-01-single-variable-calculus-fall-2005.exams.ocw01f05final-1.pdf"
          identifierref="r_contents.exams.ocw01f05final-1.pdf">
				<title>ocw01f05final-1.pdf</title>
				</item>
			</item>
            <item identifier="i_18-01-single-variable-calculus-fall-2005.study-materials"
                  identifierref="r_contents.study-materials.index.htm"
                  ocw:sectionTemplateType="CourseSection"
                  ocw:sectionTemplateVersion="2020-12-24">
				<title>Study Materials</title>
				<item identifier="i_18-01-single-variable-calculus-fall-2005.study-materials.ocw01f05addl.pdf"
          identifierref="r_contents.study-materials.ocw01f05addl.pdf">
				<title>ocw01f05addl.pdf</title>
				</item>
				<item identifier="i_18-01-single-variable-calculus-fall-2005.study-materials.ocw01f05unit1.pdf"
          identifierref="r_contents.study-materials.ocw01f05unit1.pdf">
				<title>ocw01f05unit1.pdf</title>
				</item>
				<item identifier="i_18-01-single-variable-calculus-fall-2005.study-materials.ocw01f05unit2.pdf"
          identifierref="r_contents.study-materials.ocw01f05unit2.pdf">
				<title>ocw01f05unit2.pdf</title>
				</item>
				<item identifier="i_18-01-single-variable-calculus-fall-2005.study-materials.ocw01f05unit3.pdf"
          identifierref="r_contents.study-materials.ocw01f05unit3.pdf">
				<title>ocw01f05unit3.pdf</title>
				</item>
				<item identifier="i_18-01-single-variable-calculus-fall-2005.study-materials.ocw01f05unit4.pdf"
          identifierref="r_contents.study-materials.ocw01f05unit4.pdf">
				<title>ocw01f05unit4.pdf</title>
				</item>
				<item identifier="i_18-01-single-variable-calculus-fall-2005.study-materials.ocw01f05unit5.pdf"
          identifierref="r_contents.study-materials.ocw01f05unit5.pdf">
				<title>ocw01f05unit5.pdf</title>
				</item>
				<item identifier="i_18-01-single-variable-calculus-fall-2005.study-materials.ocwgrid.pdf"
          identifierref="r_contents.study-materials.ocwgrid.pdf">
				<title>ocwgrid.pdf</title>
				</item>
			</item>
            <item identifier="i_terms"
                  identifierref="r_common.terms.index.htm"
                  ocw:sectionTemplateType="GlobalSection"
                  ocw:sectionTemplateVersion="2020-12-24">
				<title>Legal Notices</title>
			</item>
            <item identifier="i_terms"
                  identifierref="r_common.terms.index.htm"
                  ocw:sectionTemplateType="GlobalSection"
                  ocw:sectionTemplateVersion="2020-12-24">
				<title>Privacy Statement</title>
			</item>
            <item identifier="i_terms.trademarks"
                  identifierref="r_common.terms.trademarks.index.htm"
                  ocw:sectionTemplateType="GlobalSection"
                  ocw:sectionTemplateVersion="2020-12-24">
				<title>Trademark Notices</title>
			</item>
        </organization>
    </organizations>
    <resources>
        <resource identifier="r_contents.lecture-notes.lecture_30.pdf"
                  type="other"
                  href="contents/lecture-notes/lecture_30.pdf">
            <metadata>
                <adlcp:location>contents/lecture-notes/lecture_30.pdf.xml</adlcp:location>
            </metadata>
            <file href="contents/lecture-notes/lecture_30.pdf"/>
                        
        </resource>
        <resource identifier="r_contents.18-01f05.jpg"
                  type="other" href="contents/18-01f05.jpg">
            <metadata>
                <adlcp:location>contents/18-01f05.jpg.xml</adlcp:location>
            </metadata>
            <file href="contents/18-01f05.jpg"/>
                        
        </resource>
        <resource identifier="r_contents.assignments.ocw01f05ps6soln.pdf"
                  type="other"
                  href="contents/assignments/ocw01f05ps6soln.pdf">
            <metadata>
                <adlcp:location>contents/assignments/ocw01f05ps6soln.pdf.xml</adlcp:location>
            </metadata>
            <file href="contents/assignments/ocw01f05ps6soln.pdf"/>
                        
        </resource>
        <resource identifier="r_contents.syllabus.index.htm"
                  type="webcontent"
                  href="contents/syllabus/index.htm">
            <metadata>
                <adlcp:location>contents/syllabus/index.htm.xml</adlcp:location>
            </metadata>
            <file href="contents/syllabus/index.htm"/>
            <dependency identifierref="webrenderrequirements.18-01-single-variable-calculus-fall-2005"/>            
        </resource>
        <resource identifier="r_contents.lecture-notes.lecture_31.pdf"
                  type="other"
                  href="contents/lecture-notes/lecture_31.pdf">
            <metadata>
                <adlcp:location>contents/lecture-notes/lecture_31.pdf.xml</adlcp:location>
            </metadata>
            <file href="contents/lecture-notes/lecture_31.pdf"/>
                        
        </resource>
        <resource identifier="r_contents.lecture-notes.lecture_27.pdf"
                  type="other"
                  href="contents/lecture-notes/lecture_27.pdf">
            <metadata>
                <adlcp:location>contents/lecture-notes/lecture_27.pdf.xml</adlcp:location>
            </metadata>
            <file href="contents/lecture-notes/lecture_27.pdf"/>
                        
        </resource>
        <resource identifier="r_contents.assignments.ocw01f05ps3soln.pdf"
                  type="other"
                  href="contents/assignments/ocw01f05ps3soln.pdf">
            <metadata>
                <adlcp:location>contents/assignments/ocw01f05ps3soln.pdf.xml</adlcp:location>
            </metadata>
            <file href="contents/assignments/ocw01f05ps3soln.pdf"/>
                        
        </resource>
        <resource identifier="r_contents.assignments.ocw01f05ps6.pdf"
                  type="other"
                  href="contents/assignments/ocw01f05ps6.pdf">
            <metadata>
                <adlcp:location>contents/assignments/ocw01f05ps6.pdf.xml</adlcp:location>
            </metadata>
            <file href="contents/assignments/ocw01f05ps6.pdf"/>
                        
        </resource>
        <resource identifier="r_contents.lecture-notes.lecture_13.pdf"
                  type="other"
                  href="contents/lecture-notes/lecture_13.pdf">
            <metadata>
                <adlcp:location>contents/lecture-notes/lecture_13.pdf.xml</adlcp:location>
            </metadata>
            <file href="contents/lecture-notes/lecture_13.pdf"/>
                        
        </resource>
        <resource identifier="r_contents.assignments.ps5prob1.pdf"
                  type="other"
                  href="contents/assignments/ps5prob1.pdf">
            <metadata>
                <adlcp:location>contents/assignments/ps5prob1.pdf.xml</adlcp:location>
            </metadata>
            <file href="contents/assignments/ps5prob1.pdf"/>
                        
        </resource>
        <resource identifier="r_contents.exams.ocw01f05exam5pra.pdf"
                  type="other"
                  href="contents/exams/ocw01f05exam5pra.pdf">
            <metadata>
                <adlcp:location>contents/exams/ocw01f05exam5pra.pdf.xml</adlcp:location>
            </metadata>
            <file href="contents/exams/ocw01f05exam5pra.pdf"/>
                        
        </resource>
        <resource identifier="r_contents.lecture-notes.lecture_20.pdf"
                  type="other"
                  href="contents/lecture-notes/lecture_20.pdf">
            <metadata>
                <adlcp:location>contents/lecture-notes/lecture_20.pdf.xml</adlcp:location>
            </metadata>
            <file href="contents/lecture-notes/lecture_20.pdf"/>
                        
        </resource>
        <resource identifier="r_contents.lecture-notes.lecture_4.pdf"
                  type="other"
                  href="contents/lecture-notes/lecture_4.pdf">
            <metadata>
                <adlcp:location>contents/lecture-notes/lecture_4.pdf.xml</adlcp:location>
            </metadata>
            <file href="contents/lecture-notes/lecture_4.pdf"/>
                        
        </resource>
        <resource identifier="r_contents.calendar.index.htm"
                  type="webcontent"
                  href="contents/calendar/index.htm">
            <metadata>
                <adlcp:location>contents/calendar/index.htm.xml</adlcp:location>
            </metadata>
            <file href="contents/calendar/index.htm"/>
            <dependency identifierref="webrenderrequirements.18-01-single-variable-calculus-fall-2005"/>            
        </resource>
        <resource identifier="r_contents.assignments.ocw01f05ps5soln.pdf"
                  type="other"
                  href="contents/assignments/ocw01f05ps5soln.pdf">
            <metadata>
                <adlcp:location>contents/assignments/ocw01f05ps5soln.pdf.xml</adlcp:location>
            </metadata>
            <file href="contents/assignments/ocw01f05ps5soln.pdf"/>
                        
        </resource>
        <resource identifier="r_contents.study-materials.ocw01f05unit5.pdf"
                  type="other"
                  href="contents/study-materials/ocw01f05unit5.pdf">
            <metadata>
                <adlcp:location>contents/study-materials/ocw01f05unit5.pdf.xml</adlcp:location>
            </metadata>
            <file href="contents/study-materials/ocw01f05unit5.pdf"/>
                        
        </resource>
        <resource identifier="r_contents.assignments.ps6_hb.pdf"
                  type="other"
                  href="contents/assignments/ps6_hb.pdf">
            <metadata>
                <adlcp:location>contents/assignments/ps6_hb.pdf.xml</adlcp:location>
            </metadata>
            <file href="contents/assignments/ps6_hb.pdf"/>
                        
        </resource>
        <resource identifier="r_contents.exams.ocw01exam3.pdf"
                  type="other"
                  href="contents/exams/ocw01exam3.pdf">
            <metadata>
                <adlcp:location>contents/exams/ocw01exam3.pdf.xml</adlcp:location>
            </metadata>
            <file href="contents/exams/ocw01exam3.pdf"/>
                        
        </resource>
        <resource identifier="r_contents.study-materials.ocw01f05unit2.pdf"
                  type="other"
                  href="contents/study-materials/ocw01f05unit2.pdf">
            <metadata>
                <adlcp:location>contents/study-materials/ocw01f05unit2.pdf.xml</adlcp:location>
            </metadata>
            <file href="contents/study-materials/ocw01f05unit2.pdf"/>
                        
        </resource>
        <resource identifier="r_contents.lecture-notes.lecture_25.pdf"
                  type="other"
                  href="contents/lecture-notes/lecture_25.pdf">
            <metadata>
                <adlcp:location>contents/lecture-notes/lecture_25.pdf.xml</adlcp:location>
            </metadata>
            <file href="contents/lecture-notes/lecture_25.pdf"/>
                        
        </resource>
        <resource identifier="r_contents.lecture-notes.lecture_7.pdf"
                  type="other"
                  href="contents/lecture-notes/lecture_7.pdf">
            <metadata>
                <adlcp:location>contents/lecture-notes/lecture_7.pdf.xml</adlcp:location>
            </metadata>
            <file href="contents/lecture-notes/lecture_7.pdf"/>
                        
        </resource>
        <resource identifier="r_contents.study-materials.ocwgrid.pdf"
                  type="other"
                  href="contents/study-materials/ocwgrid.pdf">
            <metadata>
                <adlcp:location>contents/study-materials/ocwgrid.pdf.xml</adlcp:location>
            </metadata>
            <file href="contents/study-materials/ocwgrid.pdf"/>
                        
        </resource>
        <resource identifier="r_contents.lecture-notes.lecture_29.pdf"
                  type="other"
                  href="contents/lecture-notes/lecture_29.pdf">
            <metadata>
                <adlcp:location>contents/lecture-notes/lecture_29.pdf.xml</adlcp:location>
            </metadata>
            <file href="contents/lecture-notes/lecture_29.pdf"/>
                        
        </resource>
        <resource identifier="r_contents.lecture-notes.lecture_1.pdf"
                  type="other"
                  href="contents/lecture-notes/lecture_1.pdf">
            <metadata>
                <adlcp:location>contents/lecture-notes/lecture_1.pdf.xml</adlcp:location>
            </metadata>
            <file href="contents/lecture-notes/lecture_1.pdf"/>
                        
        </resource>
        <resource identifier="r_contents.study-materials.index.htm"
                  type="webcontent"
                  href="contents/study-materials/index.htm">
            <metadata>
                <adlcp:location>contents/study-materials/index.htm.xml</adlcp:location>
            </metadata>
            <file href="contents/study-materials/index.htm"/>
            <dependency identifierref="webrenderrequirements.18-01-single-variable-calculus-fall-2005"/>            
        </resource>
        <resource identifier="r_contents.exams.ocw01exam2.pdf"
                  type="other"
                  href="contents/exams/ocw01exam2.pdf">
            <metadata>
                <adlcp:location>contents/exams/ocw01exam2.pdf.xml</adlcp:location>
            </metadata>
            <file href="contents/exams/ocw01exam2.pdf"/>
                        
        </resource>
        <resource identifier="r_contents.assignments.ps6_ha.pdf"
                  type="other"
                  href="contents/assignments/ps6_ha.pdf">
            <metadata>
                <adlcp:location>contents/assignments/ps6_ha.pdf.xml</adlcp:location>
            </metadata>
            <file href="contents/assignments/ps6_ha.pdf"/>
                        
        </resource>
        <resource identifier="r_contents.exams.ocw01f05exam3.pdf"
                  type="other"
                  href="contents/exams/ocw01f05exam3.pdf">
            <metadata>
                <adlcp:location>contents/exams/ocw01f05exam3.pdf.xml</adlcp:location>
            </metadata>
            <file href="contents/exams/ocw01f05exam3.pdf"/>
                        
        </resource>
        <resource identifier="r_contents.lecture-notes.index.htm"
                  type="webcontent"
                  href="contents/lecture-notes/index.htm">
            <metadata>
                <adlcp:location>contents/lecture-notes/index.htm.xml</adlcp:location>
            </metadata>
            <file href="contents/lecture-notes/index.htm"/>
            <dependency identifierref="webrenderrequirements.18-01-single-variable-calculus-fall-2005"/>            
        </resource>
        <resource identifier="r_contents.lecture-notes.lecture_2.pdf"
                  type="other"
                  href="contents/lecture-notes/lecture_2.pdf">
            <metadata>
                <adlcp:location>contents/lecture-notes/lecture_2.pdf.xml</adlcp:location>
            </metadata>
            <file href="contents/lecture-notes/lecture_2.pdf"/>
                        
        </resource>
        <resource identifier="r_contents.exams.ocwpracsolns.pdf"
                  type="other"
                  href="contents/exams/ocwpracsolns.pdf">
            <metadata>
                <adlcp:location>contents/exams/ocwpracsolns.pdf.xml</adlcp:location>
            </metadata>
            <file href="contents/exams/ocwpracsolns.pdf"/>
                        
        </resource>
        <resource identifier="r_contents.assignments.ocw01f05ps7soln.pdf"
                  type="other"
                  href="contents/assignments/ocw01f05ps7soln.pdf">
            <metadata>
                <adlcp:location>contents/assignments/ocw01f05ps7soln.pdf.xml</adlcp:location>
            </metadata>
            <file href="contents/assignments/ocw01f05ps7soln.pdf"/>
                        
        </resource>
        <resource identifier="r_contents.18-01f05-th.jpg"
                  type="other"
                  href="contents/18-01f05-th.jpg">
            <metadata>
                <adlcp:location>contents/18-01f05-th.jpg.xml</adlcp:location>
            </metadata>
            <file href="contents/18-01f05-th.jpg"/>
                        
        </resource>
        <resource identifier="r_contents.exams.pfc.pdf"
                  type="other" href="contents/exams/pfc.pdf">
            <metadata>
                <adlcp:location>contents/exams/pfc.pdf.xml</adlcp:location>
            </metadata>
            <file href="contents/exams/pfc.pdf"/>
                        
        </resource>
        <resource identifier="r_contents.assignments.ocw01f05ps2.pdf"
                  type="other"
                  href="contents/assignments/ocw01f05ps2.pdf">
            <metadata>
                <adlcp:location>contents/assignments/ocw01f05ps2.pdf.xml</adlcp:location>
            </metadata>
            <file href="contents/assignments/ocw01f05ps2.pdf"/>
                        
        </resource>
        <resource identifier="r_contents.assignments.ocw01f05ps8soln.pdf"
                  type="other"
                  href="contents/assignments/ocw01f05ps8soln.pdf">
            <metadata>
                <adlcp:location>contents/assignments/ocw01f05ps8soln.pdf.xml</adlcp:location>
            </metadata>
            <file href="contents/assignments/ocw01f05ps8soln.pdf"/>
                        
        </resource>
        <resource identifier="r_contents.assignments.ps6_ja.pdf"
                  type="other"
                  href="contents/assignments/ps6_ja.pdf">
            <metadata>
                <adlcp:location>contents/assignments/ps6_ja.pdf.xml</adlcp:location>
            </metadata>
            <file href="contents/assignments/ps6_ja.pdf"/>
                        
        </resource>
        <resource identifier="r_contents.exams.index.htm"
                  type="webcontent"
                  href="contents/exams/index.htm">
            <metadata>
                <adlcp:location>contents/exams/index.htm.xml</adlcp:location>
            </metadata>
            <file href="contents/exams/index.htm"/>
            <dependency identifierref="webrenderrequirements.18-01-single-variable-calculus-fall-2005"/>            
        </resource>
        <resource identifier="r_contents.assignments.ocw01f05ps2soln.pdf"
                  type="other"
                  href="contents/assignments/ocw01f05ps2soln.pdf">
            <metadata>
                <adlcp:location>contents/assignments/ocw01f05ps2soln.pdf.xml</adlcp:location>
            </metadata>
            <file href="contents/assignments/ocw01f05ps2soln.pdf"/>
                        
        </resource>
        <resource identifier="r_contents.assignments.astroid.pdf"
                  type="other"
                  href="contents/assignments/astroid.pdf">
            <metadata>
                <adlcp:location>contents/assignments/astroid.pdf.xml</adlcp:location>
            </metadata>
            <file href="contents/assignments/astroid.pdf"/>
                        
        </resource>
        <resource identifier="r_contents.exams.ocw01f05exam1.pdf"
                  type="other"
                  href="contents/exams/ocw01f05exam1.pdf">
            <metadata>
                <adlcp:location>contents/exams/ocw01f05exam1.pdf.xml</adlcp:location>
            </metadata>
            <file href="contents/exams/ocw01f05exam1.pdf"/>
                        
        </resource>
        <resource identifier="r_contents.exams.ocwpractfinal.pdf"
                  type="other"
                  href="contents/exams/ocwpractfinal.pdf">
            <metadata>
                <adlcp:location>contents/exams/ocwpractfinal.pdf.xml</adlcp:location>
            </metadata>
            <file href="contents/exams/ocwpractfinal.pdf"/>
                        
        </resource>
        <resource identifier="r_contents.exams.exam4c.jpg"
                  type="other"
                  href="contents/exams/exam4c.jpg">
            <metadata>
                <adlcp:location>contents/exams/exam4c.jpg.xml</adlcp:location>
            </metadata>
            <file href="contents/exams/exam4c.jpg"/>
                        
        </resource>
        <resource identifier="r_contents.lecture-notes.lecture_26.pdf"
                  type="other"
                  href="contents/lecture-notes/lecture_26.pdf">
            <metadata>
                <adlcp:location>contents/lecture-notes/lecture_26.pdf.xml</adlcp:location>
            </metadata>
            <file href="contents/lecture-notes/lecture_26.pdf"/>
                        
        </resource>
        <resource identifier="r_contents.exams.ocw01f05exam1sol.pdf"
                  type="other"
                  href="contents/exams/ocw01f05exam1sol.pdf">
            <metadata>
                <adlcp:location>contents/exams/ocw01f05exam1sol.pdf.xml</adlcp:location>
            </metadata>
            <file href="contents/exams/ocw01f05exam1sol.pdf"/>
                        
        </resource>
        <resource identifier="r_contents.index.htm"
                  type="webcontent"
                  href="contents/index.htm">
            <metadata>
                <adlcp:location>contents/index.htm.xml</adlcp:location>
            </metadata>
            <file href="contents/index.htm"/>
            <dependency identifierref="webrenderrequirements.18-01-single-variable-calculus-fall-2005"/>            
        </resource>
        <resource identifier="r_contents.assignments.5d.pdf"
                  type="other"
                  href="contents/assignments/5d.pdf">
            <metadata>
                <adlcp:location>contents/assignments/5d.pdf.xml</adlcp:location>
            </metadata>
            <file href="contents/assignments/5d.pdf"/>
                        
        </resource>
        <resource identifier="r_contents.study-materials.ocw01f05unit1.pdf"
                  type="other"
                  href="contents/study-materials/ocw01f05unit1.pdf">
            <metadata>
                <adlcp:location>contents/study-materials/ocw01f05unit1.pdf.xml</adlcp:location>
            </metadata>
            <file href="contents/study-materials/ocw01f05unit1.pdf"/>
                        
        </resource>
        <resource identifier="r_contents.assignments.ocw01f05ps1soln.pdf"
                  type="other"
                  href="contents/assignments/ocw01f05ps1soln.pdf">
            <metadata>
                <adlcp:location>contents/assignments/ocw01f05ps1soln.pdf.xml</adlcp:location>
            </metadata>
            <file href="contents/assignments/ocw01f05ps1soln.pdf"/>
                        
        </resource>
        <resource identifier="r_contents.lecture-notes.lecture_6.pdf"
                  type="other"
                  href="contents/lecture-notes/lecture_6.pdf">
            <metadata>
                <adlcp:location>contents/lecture-notes/lecture_6.pdf.xml</adlcp:location>
            </metadata>
            <file href="contents/lecture-notes/lecture_6.pdf"/>
                        
        </resource>
        <resource identifier="r_contents.assignments.ps6_2c.pdf"
                  type="other"
                  href="contents/assignments/ps6_2c.pdf">
            <metadata>
                <adlcp:location>contents/assignments/ps6_2c.pdf.xml</adlcp:location>
            </metadata>
            <file href="contents/assignments/ps6_2c.pdf"/>
                        
        </resource>
        <resource identifier="r_contents.exams.ocw01f05exam4.pdf"
                  type="other"
                  href="contents/exams/ocw01f05exam4.pdf">
            <metadata>
                <adlcp:location>contents/exams/ocw01f05exam4.pdf.xml</adlcp:location>
            </metadata>
            <file href="contents/exams/ocw01f05exam4.pdf"/>
                        
        </resource>
        <resource identifier="r_contents.lecture-notes.lecture_15.pdf"
                  type="other"
                  href="contents/lecture-notes/lecture_15.pdf">
            <metadata>
                <adlcp:location>contents/lecture-notes/lecture_15.pdf.xml</adlcp:location>
            </metadata>
            <file href="contents/lecture-notes/lecture_15.pdf"/>
                        
        </resource>
        <resource identifier="r_contents.lecture-notes.lecture_23.pdf"
                  type="other"
                  href="contents/lecture-notes/lecture_23.pdf">
            <metadata>
                <adlcp:location>contents/lecture-notes/lecture_23.pdf.xml</adlcp:location>
            </metadata>
            <file href="contents/lecture-notes/lecture_23.pdf"/>
                        
        </resource>
        <resource identifier="r_contents.exams.pfa.pdf"
                  type="other" href="contents/exams/pfa.pdf">
            <metadata>
                <adlcp:location>contents/exams/pfa.pdf.xml</adlcp:location>
            </metadata>
            <file href="contents/exams/pfa.pdf"/>
                        
        </resource>
        <resource identifier="r_contents.lecture-notes.ocw01f05sums.pdf"
                  type="other"
                  href="contents/lecture-notes/ocw01f05sums.pdf">
            <metadata>
                <adlcp:location>contents/lecture-notes/ocw01f05sums.pdf.xml</adlcp:location>
            </metadata>
            <file href="contents/lecture-notes/ocw01f05sums.pdf"/>
                        
        </resource>
        <resource identifier="r_contents.exams.ocw01f05finalpra.pdf"
                  type="other"
                  href="contents/exams/ocw01f05finalpra.pdf">
            <metadata>
                <adlcp:location>contents/exams/ocw01f05finalpra.pdf.xml</adlcp:location>
            </metadata>
            <file href="contents/exams/ocw01f05finalpra.pdf"/>
                        
        </resource>
        <resource identifier="r_contents.lecture-notes.lecture_14.pdf"
                  type="other"
                  href="contents/lecture-notes/lecture_14.pdf">
            <metadata>
                <adlcp:location>contents/lecture-notes/lecture_14.pdf.xml</adlcp:location>
            </metadata>
            <file href="contents/lecture-notes/lecture_14.pdf"/>
                        
        </resource>
        <resource identifier="r_contents.lecture-notes.lecture_19.pdf"
                  type="other"
                  href="contents/lecture-notes/lecture_19.pdf">
            <metadata>
                <adlcp:location>contents/lecture-notes/lecture_19.pdf.xml</adlcp:location>
            </metadata>
            <file href="contents/lecture-notes/lecture_19.pdf"/>
                        
        </resource>
        <resource identifier="r_contents.assignments.ocw01f05ps3.pdf"
                  type="other"
                  href="contents/assignments/ocw01f05ps3.pdf">
            <metadata>
                <adlcp:location>contents/assignments/ocw01f05ps3.pdf.xml</adlcp:location>
            </metadata>
            <file href="contents/assignments/ocw01f05ps3.pdf"/>
                        
        </resource>
        <resource identifier="r_contents.assignments.ocw01f05ps8.pdf"
                  type="other"
                  href="contents/assignments/ocw01f05ps8.pdf">
            <metadata>
                <adlcp:location>contents/assignments/ocw01f05ps8.pdf.xml</adlcp:location>
            </metadata>
            <file href="contents/assignments/ocw01f05ps8.pdf"/>
                        
        </resource>
        <resource identifier="r_contents.exams.pfb.pdf"
                  type="other" href="contents/exams/pfb.pdf">
            <metadata>
                <adlcp:location>contents/exams/pfb.pdf.xml</adlcp:location>
            </metadata>
            <file href="contents/exams/pfb.pdf"/>
                        
        </resource>
        <resource identifier="r_contents.study-materials.ocw01f05addl.pdf"
                  type="other"
                  href="contents/study-materials/ocw01f05addl.pdf">
            <metadata>
                <adlcp:location>contents/study-materials/ocw01f05addl.pdf.xml</adlcp:location>
            </metadata>
            <file href="contents/study-materials/ocw01f05addl.pdf"/>
                        
        </resource>
        <resource identifier="r_contents.readings.index.htm"
                  type="webcontent"
                  href="contents/readings/index.htm">
            <metadata>
                <adlcp:location>contents/readings/index.htm.xml</adlcp:location>
            </metadata>
            <file href="contents/readings/index.htm"/>
            <dependency identifierref="webrenderrequirements.18-01-single-variable-calculus-fall-2005"/>            
        </resource>
        <resource identifier="r_contents.exams.ocw01exam5.pdf"
                  type="other"
                  href="contents/exams/ocw01exam5.pdf">
            <metadata>
                <adlcp:location>contents/exams/ocw01exam5.pdf.xml</adlcp:location>
            </metadata>
            <file href="contents/exams/ocw01exam5.pdf"/>
                        
        </resource>
        <resource identifier="r_contents.assignments.ocw01f05ps4soln.pdf"
                  type="other"
                  href="contents/assignments/ocw01f05ps4soln.pdf">
            <metadata>
                <adlcp:location>contents/assignments/ocw01f05ps4soln.pdf.xml</adlcp:location>
            </metadata>
            <file href="contents/assignments/ocw01f05ps4soln.pdf"/>
                        
        </resource>
        <resource identifier="r_contents.exams.ocw01f05exam3sol.pdf"
                  type="other"
                  href="contents/exams/ocw01f05exam3sol.pdf">
            <metadata>
                <adlcp:location>contents/exams/ocw01f05exam3sol.pdf.xml</adlcp:location>
            </metadata>
            <file href="contents/exams/ocw01f05exam3sol.pdf"/>
                        
        </resource>
        <resource identifier="r_contents.lecture-notes.lecture_18.pdf"
                  type="other"
                  href="contents/lecture-notes/lecture_18.pdf">
            <metadata>
                <adlcp:location>contents/lecture-notes/lecture_18.pdf.xml</adlcp:location>
            </metadata>
            <file href="contents/lecture-notes/lecture_18.pdf"/>
                        
        </resource>
        <resource identifier="r_contents.exams.ocw01exam4.pdf"
                  type="other"
                  href="contents/exams/ocw01exam4.pdf">
            <metadata>
                <adlcp:location>contents/exams/ocw01exam4.pdf.xml</adlcp:location>
            </metadata>
            <file href="contents/exams/ocw01exam4.pdf"/>
                        
        </resource>
        <resource identifier="r_contents.assignments.ocw01f05ps5.pdf"
                  type="other"
                  href="contents/assignments/ocw01f05ps5.pdf">
            <metadata>
                <adlcp:location>contents/assignments/ocw01f05ps5.pdf.xml</adlcp:location>
            </metadata>
            <file href="contents/assignments/ocw01f05ps5.pdf"/>
                        
        </resource>
        <resource identifier="r_contents.lecture-notes.lecture_21.pdf"
                  type="other"
                  href="contents/lecture-notes/lecture_21.pdf">
            <metadata>
                <adlcp:location>contents/lecture-notes/lecture_21.pdf.xml</adlcp:location>
            </metadata>
            <file href="contents/lecture-notes/lecture_21.pdf"/>
                        
        </resource>
        <resource identifier="r_contents.lecture-notes.lecture_16.pdf"
                  type="other"
                  href="contents/lecture-notes/lecture_16.pdf">
            <metadata>
                <adlcp:location>contents/lecture-notes/lecture_16.pdf.xml</adlcp:location>
            </metadata>
            <file href="contents/lecture-notes/lecture_16.pdf"/>
                        
        </resource>
        <resource identifier="r_contents.exams.ocw01f05exam2sol.pdf"
                  type="other"
                  href="contents/exams/ocw01f05exam2sol.pdf">
            <metadata>
                <adlcp:location>contents/exams/ocw01f05exam2sol.pdf.xml</adlcp:location>
            </metadata>
            <file href="contents/exams/ocw01f05exam2sol.pdf"/>
                        
        </resource>
        <resource identifier="r_contents.exams.ocw01f05final-1.pdf"
                  type="other"
                  href="contents/exams/ocw01f05final-1.pdf">
            <metadata>
                <adlcp:location>contents/exams/ocw01f05final-1.pdf.xml</adlcp:location>
            </metadata>
            <file href="contents/exams/ocw01f05final-1.pdf"/>
                        
        </resource>
        <resource identifier="r_contents.study-materials.ocw01f05unit4.pdf"
                  type="other"
                  href="contents/study-materials/ocw01f05unit4.pdf">
            <metadata>
                <adlcp:location>contents/study-materials/ocw01f05unit4.pdf.xml</adlcp:location>
            </metadata>
            <file href="contents/study-materials/ocw01f05unit4.pdf"/>
                        
        </resource>
        <resource identifier="r_contents.assignments.ps5b.pdf"
                  type="other"
                  href="contents/assignments/ps5b.pdf">
            <metadata>
                <adlcp:location>contents/assignments/ps5b.pdf.xml</adlcp:location>
            </metadata>
            <file href="contents/assignments/ps5b.pdf"/>
                        
        </resource>
        <resource identifier="r_contents.assignments.ocw01f05ps4.pdf"
                  type="other"
                  href="contents/assignments/ocw01f05ps4.pdf">
            <metadata>
                <adlcp:location>contents/assignments/ocw01f05ps4.pdf.xml</adlcp:location>
            </metadata>
            <file href="contents/assignments/ocw01f05ps4.pdf"/>
                        
        </resource>
        <resource identifier="r_contents.exams.ocw01f05exam2.pdf"
                  type="other"
                  href="contents/exams/ocw01f05exam2.pdf">
            <metadata>
                <adlcp:location>contents/exams/ocw01f05exam2.pdf.xml</adlcp:location>
            </metadata>
            <file href="contents/exams/ocw01f05exam2.pdf"/>
                        
        </resource>
        <resource identifier="r_contents.assignments.index.htm"
                  type="webcontent"
                  href="contents/assignments/index.htm">
            <metadata>
                <adlcp:location>contents/assignments/index.htm.xml</adlcp:location>
            </metadata>
            <file href="contents/assignments/index.htm"/>
            <dependency identifierref="webrenderrequirements.18-01-single-variable-calculus-fall-2005"/>            
        </resource>
        <resource identifier="r_contents.study-materials.ocw01f05unit3.pdf"
                  type="other"
                  href="contents/study-materials/ocw01f05unit3.pdf">
            <metadata>
                <adlcp:location>contents/study-materials/ocw01f05unit3.pdf.xml</adlcp:location>
            </metadata>
            <file href="contents/study-materials/ocw01f05unit3.pdf"/>
                        
        </resource>
        <resource identifier="r_contents.assignments.ps6_p2a.pdf"
                  type="other"
                  href="contents/assignments/ps6_p2a.pdf">
            <metadata>
                <adlcp:location>contents/assignments/ps6_p2a.pdf.xml</adlcp:location>
            </metadata>
            <file href="contents/assignments/ps6_p2a.pdf"/>
                        
        </resource>
        <resource identifier="r_contents.lecture-notes.lecture_24.pdf"
                  type="other"
                  href="contents/lecture-notes/lecture_24.pdf">
            <metadata>
                <adlcp:location>contents/lecture-notes/lecture_24.pdf.xml</adlcp:location>
            </metadata>
            <file href="contents/lecture-notes/lecture_24.pdf"/>
                        
        </resource>
        <resource identifier="r_contents.lecture-notes.lecture_11.pdf"
                  type="other"
                  href="contents/lecture-notes/lecture_11.pdf">
            <metadata>
                <adlcp:location>contents/lecture-notes/lecture_11.pdf.xml</adlcp:location>
            </metadata>
            <file href="contents/lecture-notes/lecture_11.pdf"/>
                        
        </resource>
        <resource identifier="r_contents.lecture-notes.lecture_22.pdf"
                  type="other"
                  href="contents/lecture-notes/lecture_22.pdf">
            <metadata>
                <adlcp:location>contents/lecture-notes/lecture_22.pdf.xml</adlcp:location>
            </metadata>
            <file href="contents/lecture-notes/lecture_22.pdf"/>
                        
        </resource>
        <resource identifier="r_contents.lecture-notes.lecture_12.pdf"
                  type="other"
                  href="contents/lecture-notes/lecture_12.pdf">
            <metadata>
                <adlcp:location>contents/lecture-notes/lecture_12.pdf.xml</adlcp:location>
            </metadata>
            <file href="contents/lecture-notes/lecture_12.pdf"/>
                        
        </resource>
        <resource identifier="r_contents.assignments.ocw01f05ps7.pdf"
                  type="other"
                  href="contents/assignments/ocw01f05ps7.pdf">
            <metadata>
                <adlcp:location>contents/assignments/ocw01f05ps7.pdf.xml</adlcp:location>
            </metadata>
            <file href="contents/assignments/ocw01f05ps7.pdf"/>
                        
        </resource>
        <resource identifier="r_contents.lecture-notes.lecture_28.pdf"
                  type="other"
                  href="contents/lecture-notes/lecture_28.pdf">
            <metadata>
                <adlcp:location>contents/lecture-notes/lecture_28.pdf.xml</adlcp:location>
            </metadata>
            <file href="contents/lecture-notes/lecture_28.pdf"/>
                        
        </resource>
        <resource identifier="r_contents.lecture-notes.lecture_3.pdf"
                  type="other"
                  href="contents/lecture-notes/lecture_3.pdf">
            <metadata>
                <adlcp:location>contents/lecture-notes/lecture_3.pdf.xml</adlcp:location>
            </metadata>
            <file href="contents/lecture-notes/lecture_3.pdf"/>
                        
        </resource>
        <resource identifier="r_contents.assignments.ps6_p2.pdf"
                  type="other"
                  href="contents/assignments/ps6_p2.pdf">
            <metadata>
                <adlcp:location>contents/assignments/ps6_p2.pdf.xml</adlcp:location>
            </metadata>
            <file href="contents/assignments/ps6_p2.pdf"/>
                        
        </resource>
        <resource identifier="r_contents.assignments.ps6_hc.pdf"
                  type="other"
                  href="contents/assignments/ps6_hc.pdf">
            <metadata>
                <adlcp:location>contents/assignments/ps6_hc.pdf.xml</adlcp:location>
            </metadata>
            <file href="contents/assignments/ps6_hc.pdf"/>
                        
        </resource>
        <resource identifier="r_contents.assignments.ps6_g.pdf"
                  type="other"
                  href="contents/assignments/ps6_g.pdf">
            <metadata>
                <adlcp:location>contents/assignments/ps6_g.pdf.xml</adlcp:location>
            </metadata>
            <file href="contents/assignments/ps6_g.pdf"/>
                        
        </resource>
        <resource identifier="r_contents.lecture-notes.lecture_5.pdf"
                  type="other"
                  href="contents/lecture-notes/lecture_5.pdf">
            <metadata>
                <adlcp:location>contents/lecture-notes/lecture_5.pdf.xml</adlcp:location>
            </metadata>
            <file href="contents/lecture-notes/lecture_5.pdf"/>
                        
        </resource>
        <resource identifier="r_contents.exams.ocw01f05exam4sol.pdf"
                  type="other"
                  href="contents/exams/ocw01f05exam4sol.pdf">
            <metadata>
                <adlcp:location>contents/exams/ocw01f05exam4sol.pdf.xml</adlcp:location>
            </metadata>
            <file href="contents/exams/ocw01f05exam4sol.pdf"/>
                        
        </resource>
        <resource identifier="r_contents.exams.ocw01f05exam5.pdf"
                  type="other"
                  href="contents/exams/ocw01f05exam5.pdf">
            <metadata>
                <adlcp:location>contents/exams/ocw01f05exam5.pdf.xml</adlcp:location>
            </metadata>
            <file href="contents/exams/ocw01f05exam5.pdf"/>
                        
        </resource>
        <resource identifier="r_contents.lecture-notes.lecture_9.pdf"
                  type="other"
                  href="contents/lecture-notes/lecture_9.pdf">
            <metadata>
                <adlcp:location>contents/lecture-notes/lecture_9.pdf.xml</adlcp:location>
            </metadata>
            <file href="contents/lecture-notes/lecture_9.pdf"/>
                        
        </resource>
        <resource identifier="r_contents.assignments.ocw01f05ps1.pdf"
                  type="other"
                  href="contents/assignments/ocw01f05ps1.pdf">
            <metadata>
                <adlcp:location>contents/assignments/ocw01f05ps1.pdf.xml</adlcp:location>
            </metadata>
            <file href="contents/assignments/ocw01f05ps1.pdf"/>
                        
        </resource>
        <resource identifier="r_contents.lecture-notes.lecture_17.pdf"
                  type="other"
                  href="contents/lecture-notes/lecture_17.pdf">
            <metadata>
                <adlcp:location>contents/lecture-notes/lecture_17.pdf.xml</adlcp:location>
            </metadata>
            <file href="contents/lecture-notes/lecture_17.pdf"/>
                        
        </resource>
        <resource identifier="r_contents.lecture-notes.lecture_8.pdf"
                  type="other"
                  href="contents/lecture-notes/lecture_8.pdf">
            <metadata>
                <adlcp:location>contents/lecture-notes/lecture_8.pdf.xml</adlcp:location>
            </metadata>
            <file href="contents/lecture-notes/lecture_8.pdf"/>
                        
        </resource>
        <resource identifier="r_contents.exams.ocw01f05exam5sol.pdf"
                  type="other"
                  href="contents/exams/ocw01f05exam5sol.pdf">
            <metadata>
                <adlcp:location>contents/exams/ocw01f05exam5sol.pdf.xml</adlcp:location>
            </metadata>
            <file href="contents/exams/ocw01f05exam5sol.pdf"/>
                        
        </resource>
        <resource identifier="r_contents.lecture-notes.lecture_32.pdf"
                  type="other"
                  href="contents/lecture-notes/lecture_32.pdf">
            <metadata>
                <adlcp:location>contents/lecture-notes/lecture_32.pdf.xml</adlcp:location>
            </metadata>
            <file href="contents/lecture-notes/lecture_32.pdf"/>
                        
        </resource>
        <resource identifier="r_contents.assignments.5c.pdf"
                  type="other"
                  href="contents/assignments/5c.pdf">
            <metadata>
                <adlcp:location>contents/assignments/5c.pdf.xml</adlcp:location>
            </metadata>
            <file href="contents/assignments/5c.pdf"/>
                        
        </resource>
        <resource identifier="r_contents.lecture-notes.lecture_10.pdf"
                  type="other"
                  href="contents/lecture-notes/lecture_10.pdf">
            <metadata>
                <adlcp:location>contents/lecture-notes/lecture_10.pdf.xml</adlcp:location>
            </metadata>
            <file href="contents/lecture-notes/lecture_10.pdf"/>
                        
        </resource>
        <resource identifier="r_contents.exams.ocw01exam1.pdf"
                  type="other"
                  href="contents/exams/ocw01exam1.pdf">
            <metadata>
                <adlcp:location>contents/exams/ocw01exam1.pdf.xml</adlcp:location>
            </metadata>
            <file href="contents/exams/ocw01exam1.pdf"/>
                        
        </resource>        
        <resource identifier="r_common.search.AdvancedSearch.htm"
                  type="webcontent"
                  href="common/search/AdvancedSearch.htm">
            <file href="common/search/AdvancedSearch.htm"/>
            <dependency identifierref="webrenderrequirements.18-01-single-variable-calculus-fall-2005"/>            
        </resource>
        <resource identifier="r_common.jsp.feedback.htm"
                  type="webcontent"
                  href="common/jsp/feedback.htm">
            <file href="common/jsp/feedback.htm"/>
            <dependency identifierref="webrenderrequirements.18-01-single-variable-calculus-fall-2005"/>            
        </resource>
        <resource identifier="r_common.terms.index.htm"
                  type="webcontent"
                  href="common/terms/index.htm">
            <file href="common/terms/by.png"/>
            <file href="common/terms/nc.png"/>
            <file href="common/terms/sa.png"/>
            <file href="common/terms/deedheadyellow.png"/>
            <file href="common/terms/freedomsheader.png"/>
            <file href="common/terms/limitationsheader.png"/>
            <file href="common/terms/understandingheader.jpg"/>
            <file href="common/terms/deedfootyellow.png"/>
            <dependency identifierref="webrenderrequirements.18-01-single-variable-calculus-fall-2005"/>            
        </resource>
        <resource identifier="r_common.terms.trademarks.index.htm"
                  type="webcontent"
                  href="common/terms/trademarks/index.htm">
            <file href="common/terms/trademarks/index.htm"/>
            <dependency identifierref="webrenderrequirements.18-01-single-variable-calculus-fall-2005"/>            
        </resource>
        <resource identifier="webrenderrequirements.18-01-single-variable-calculus-fall-2005"
                  type="webcontent">
        	<file href="common/styles/base.css"/>
        	<file href="common/styles/courses.css"/>
        	<file href="common/styles/courses_new.css"/>
        	<file href="common/styles/educator.css"/>
        	<file href="common/styles/global.css"/>
        	<file href="common/styles/grid.css"/>
        	<file href="common/styles/highslide.css"/>
        	<file href="common/styles/highslide-ie6.css"/>
        	<file href="common/styles/jquery.bubblepopup.css"/>
        	<file href="common/styles/jquery.jscrollpane.css"/>
        	<file href="common/styles/jquery-ui.css"/>
        	<file href="common/styles/menu.css"/>
        	<file href="common/styles/scholar2.css"/>
        	<file href="common/styles/media_tabs.css"/>
        	<file href="common/styles/three_play.css"/>
        	<file href="common/scripts/bubble-popup-offline.js"/>
        	<file href="common/scripts/jquery.js"/>
        	<file href="common/scripts/ocw-media-utils.js"/>
        	<file href="common/scripts/ocw-media-utils-offline.js"/>
        	<file href="common/scripts/highslide-with-gallery.js"/>
        	<file href="common/scripts/jquery.bubblepopup.min.js"/>
        	<file href="common/scripts/jquery.jscrollpane.min.js"/>
        	<file href="common/scripts/jquery-ui.min.js"/>
        	<file href="common/scripts/jQuizMe-uncompressed.js"/>
        	<file href="common/scripts/ocw-offline.js"/>
        	<file href="common/scripts/expandy.js"/>
        	<file href="common/scripts/chart.js"/>
        	<file href="common/scripts/jquery.anythingslider.js"/>
        	<file href="common/images/ocw_mast.png"/>
        	<file href="common/images/button_subscribe.png"/>
        	<file href="common/images/icon_fb.png"/>
        	<file href="common/images/icon_gp.png"/>
        	<file href="common/images/icon_pin.png"/>
        	<file href="common/images/icon_tw.png"/>
        	<file href="common/images/icon-question-ovt.png"/>
        	<file href="common/images/icon-question-svt.png"/>
        	<file href="common/images/icon-question-avt.png"/>
        	<file href="common/images/icon-question-cl.png"/>
        	<file href="common/images/top-nav_home.png"/>
        	<file href="common/images/button_search.png"/>
        	<file href="common/images/bg_top.png"/>
        	<file href="common/images/bg_social.png"/>
        	<file href="common/images/bg_social2.png"/>
        	<file href="common/images/bg_mega-courses.png"/>
        	<file href="common/images/bg_center2.png"/>
        	<file href="common/images/bg_course-nav_current.png"/>
        	<file href="common/images/button_donate-now.png"/>
        	<file href="common/images/logo_mit.png"/>
        	<file href="common/images/logo_ocwc.gif"/>
        	<file href="common/images/cc_by-nc-sa.png"/>
        	<file href="common/images/logo_dow.png"/>
        	<file href="common/images/logo_lockheed.png"/>
        	<file href="common/images/logo_mathworks.png"/>
        	<file href="common/images/logo_abinitio.png"/>
        	<file href="common/images/logo_sapient.png"/>
        	<file href="common/images/bg_bottom.png"/>
        	<file href="common/images/nav_arrow.png"/>
        	<file href="common/images/news-subscibe_bg.png"/>
        	<file href="common/images/3play_logo.png"/>
        	<file href="common/images/black-arrow.gif"/>
        	<file href="common/images/trans.gif"/>
        	<file href="common/images/arrow-bullet.gif"/>
        	<file href="common/images/apple-touch-icon.png"/>
        	<file href="common/images/highslide/graphics/zoomin.cur"/>
        	<file href="common/images/highslide/graphics/zoomout.cur"/>
        	<file href="common/images/highslide/graphics/controlbar2.gif"/>
        	<file href="common/images/highslide/graphics/controlbar3.gif"/>
        	<file href="common/images/highslide/graphics/controlbar4.gif"/>
        	<file href="common/images/highslide/graphics/controlbar4-hover.gif"/>
        	<file href="common/images/highslide/graphics/controlbar-black-border.gif"/>
        	<file href="common/images/highslide/graphics/controlbar-white.gif"/>
        	<file href="common/images/highslide/graphics/controlbar-white-small.gif"/>
        	<file href="common/images/highslide/graphics/fullexpand.gif"/>
        	<file href="common/images/highslide/graphics/icon.gif"/>
        	<file href="common/images/highslide/graphics/loader.gif"/>
        	<file href="common/images/highslide/graphics/loader.white.gif"/>
        	<file href="common/images/highslide/graphics/resize.gif"/>
        	<file href="common/images/highslide/graphics/close.png"/>
        	<file href="common/images/highslide/graphics/closeX.png"/>
        	<file href="common/images/highslide/graphics/controlbar-text-buttons.png"/>
        	<file href="common/images/highslide/graphics/geckodimmer.png"/>
        	<file href="common/images/highslide/graphics/scrollarrows.png"/>
        	<file href="common/images/highslide/graphics/outlines/beveled.png"/>
        	<file href="common/images/highslide/graphics/outlines/drop-shadow.png"/>
        	<file href="common/images/highslide/graphics/outlines/glossy-dark.png"/>
        	<file href="common/images/highslide/graphics/outlines/outer-glow.png"/>
        	<file href="common/images/highslide/graphics/outlines/rounded-black.png"/>
        	<file href="common/images/highslide/graphics/outlines/rounded-white.png"/>
        	<file href="common/images/highslide/graphics/outlines/Outlines.psd"/>
        	<file href="common/images/button_continue.jpg"/>
        	<file href="common/images/button_donate.jpg"/>
        	<file href="common/images/button_start.jpg"/>
        	<file href="common/images/scholar_bar_chp.png"/>
        	<file href="common/images/scholar_bar.png"/>
        	<file href="common/images/logo_pdf.jpg"/>
        	<file href="common/images/h2_trigger_open_close.gif"/>
        	<file href="common/images/bookmark.gif"/>
        	<file href="common/images/check.png"/>
        	<file href="common/images/lightbulb.png"/>
        	<file href="common/images/audio_file.gif"/>
        	<file href="common/images/audio_only_slate.gif"/>
        	<file href="common/images/video_file.gif"/>
        	<file href="common/images/back-5.png"/>
        	<file href="common/images/btn_next_resource.png"/>
        	<file href="common/images/btn_previous_resource.png"/>
        	<file href="common/images/close.png"/>
        	<file href="common/images/inacessible.gif"/>
        	<file href="common/images/jquerybubblepopup-theme/grey/ie/bottom-left.gif"/>
        	<file href="common/images/jquerybubblepopup-theme/grey/ie/bottom-middle.gif"/>
        	<file href="common/images/jquerybubblepopup-theme/grey/ie/bottom-right.gif"/>
        	<file href="common/images/jquerybubblepopup-theme/grey/ie/middle-left.gif"/>
        	<file href="common/images/jquerybubblepopup-theme/grey/ie/middle-right.gif"/>
        	<file href="common/images/jquerybubblepopup-theme/grey/ie/tail-bottom.gif"/>
        	<file href="common/images/jquerybubblepopup-theme/grey/ie/tail-left.gif"/>
        	<file href="common/images/jquerybubblepopup-theme/grey/ie/tail-right.gif"/>
        	<file href="common/images/jquerybubblepopup-theme/grey/ie/tail-top.gif"/>
        	<file href="common/images/jquerybubblepopup-theme/grey/ie/top-left.gif"/>
        	<file href="common/images/jquerybubblepopup-theme/grey/ie/top-middle.gif"/>
        	<file href="common/images/jquerybubblepopup-theme/grey/ie/top-right.gif"/>
        	<file href="common/images/jquerybubblepopup-theme/grey/bottom-left.png"/>
        	<file href="common/images/jquerybubblepopup-theme/grey/bottom-middle.png"/>
        	<file href="common/images/jquerybubblepopup-theme/grey/bottom-right.png"/>
        	<file href="common/images/jquerybubblepopup-theme/grey/middle-left.png"/>
        	<file href="common/images/jquerybubblepopup-theme/grey/middle-right.png"/>
        	<file href="common/images/jquerybubblepopup-theme/grey/tail-bottom.png"/>
        	<file href="common/images/jquerybubblepopup-theme/grey/tail-left.png"/>
        	<file href="common/images/jquerybubblepopup-theme/grey/tail-right.png"/>
        	<file href="common/images/jquerybubblepopup-theme/grey/tail-top.png"/>
        	<file href="common/images/jquerybubblepopup-theme/grey/top-left.png"/>
        	<file href="common/images/jquerybubblepopup-theme/grey/top-middle.png"/>
        	<file href="common/images/jquerybubblepopup-theme/grey/top-right.png"/>
        	<file href="common/images/educator/classroom_next.png"/>
        	<file href="common/images/educator/classroom_next_dim.png"/>
        	<file href="common/images/educator/classroom_prev.png"/>
        	<file href="common/images/educator/classroom_prev_dim.png"/>
        	<file href="common/images/educator/edu_b-blank.png"/>
        	<file href="common/images/educator/edu_b-blank-key.png"/>
        	<file href="common/images/educator/edu_b-duedate.png"/>
        	<file href="common/images/educator/edu_b-duedate-key.png"/>
        	<file href="common/images/educator/edu_b-exam.png"/>
        	<file href="common/images/educator/edu_b-exam-key.png"/>
        	<file href="common/images/educator/edu_b-lab.png"/>
        	<file href="common/images/educator/edu_b-lab-key.png"/>
        	<file href="common/images/educator/edu_b-lab-team.png"/>
        	<file href="common/images/educator/edu_b-lab-duedate.png"/>
        	<file href="common/images/educator/edu_b-leclab.png"/>
        	<file href="common/images/educator/edu_b-leclab-key.png"/>
        	<file href="common/images/educator/edu_b-lecture.png"/>
        	<file href="common/images/educator/edu_b-lecture-duedate.png"/>
        	<file href="common/images/educator/edu_b-lecture-exam.png"/>
        	<file href="common/images/educator/edu_b-lecture-key.png"/>
        	<file href="common/images/educator/edu_b-lecture-lunch.png"/>
        	<file href="common/images/educator/edu_b-lecture-preslab.png"/>
        	<file href="common/images/educator/edu_b-lecture-quiz.png"/>
        	<file href="common/images/educator/edu_b-lecture-team.png"/>
        	<file href="common/images/educator/edu_b-lecrec-key.png"/>
        	<file href="common/images/educator/edu_b-leclab-duedate.png"/>
        	<file href="common/images/educator/edu_b-lecrec.png"/>
        	<file href="common/images/educator/edu_b-lecrec-duedate.png"/>
        	<file href="common/images/educator/edu_b-noclass-quiz.png"/>
        	<file href="common/images/educator/edu_b-lunch.png"/>
        	<file href="common/images/educator/edu_b-lunch-key.png"/>
        	<file href="common/images/educator/edu_b-noclass.png"/>
        	<file href="common/images/educator/edu_b-noclass-duedate.png"/>
        	<file href="common/images/educator/edu_b-noclass-exam.png"/>
        	<file href="common/images/educator/edu_b-noclass-key.png"/>
        	<file href="common/images/educator/edu_b-office.png"/>
        	<file href="common/images/educator/edu_b-office-key.png"/>
        	<file href="common/images/educator/edu_b-present.png"/>
        	<file href="common/images/educator/edu_b-present-duedate.png"/>
        	<file href="common/images/educator/edu_b-present-key.png"/>
        	<file href="common/images/educator/edu_b-preslab.png"/>
        	<file href="common/images/educator/edu_b-preslab-key.png"/>
        	<file href="common/images/educator/edu_b-quiz-key.png"/>
        	<file href="common/images/educator/edu_b-reclab-key.png"/>
        	<file href="common/images/educator/edu_b-reclab-concert.png"/>
        	<file href="common/images/educator/edu_b-reclab.png"/>
        	<file href="common/images/educator/edu_b-noclass-concert.png"/>
        	<file href="common/images/educator/edu_b-leclab-concert.png"/>
        	<file href="common/images/educator/edu_b-concert-key.png"/>
        	<file href="common/images/educator/edu_b-concert.png"/>
        	<file href="common/images/educator/edu_b-recitation.png"/>
        	<file href="common/images/educator/edu_b-recitation-duedate.png"/>
        	<file href="common/images/educator/edu_b-recitation-exam.png"/>
        	<file href="common/images/educator/edu_b-recitation-key.png"/>
        	<file href="common/images/educator/edu_b-team.png"/>
        	<file href="common/images/educator/edu_b-team-key.png"/>
        	<file href="common/images/educator/edu_b-team-preslab.png"/>
        	<file href="common/images/educator/edu_b-work.png"/>
        	<file href="common/images/educator/edu_b-work-key.png"/>
        	<file href="common/images/educator/icon-question-cih.png"/>
        	<file href="common/images/educator/icon-question-cihw.png"/>
        	<file href="common/images/educator/icon-question-cim.png"/>
        	<file href="common/images/educator/icon-question-collab.png"/>
        	<file href="common/images/educator/icon-question-coop.png"/>
        	<file href="common/images/educator/icon-question-fas.png"/>
        	<file href="common/images/educator/icon-question-gir.png"/>
        	<file href="common/images/educator/icon-question-hass.png"/>
        	<file href="common/images/educator/icon-question-hass-s.png"/>
        	<file href="common/images/educator/icon-question-iap.png"/>
        	<file href="common/images/educator/icon-question-lab.png"/>
        	<file href="common/images/educator/icon-question-urop.png"/>
        	<file href="common/images/educator/icon-question-active.png"/>
        	<file href="common/images/educator/icon-question-clickq.png"/>
        	<file href="common/images/educator/icon-question-conq.png"/>
        	<file href="common/images/educator/icon-question-flip.png"/>
        	<file href="common/images/educator/icon-question-form.png"/>
        	<file href="common/images/educator/icon-question-immed.png"/>
        	<file href="common/images/educator/icon-question-learn.png"/>
        	<file href="common/images/educator/icon-question-ped.png"/>
        	<file href="common/images/educator/icon-question-readq.png"/>
        	<file href="common/images/educator/icon-question-service.png"/>
        	<file href="common/images/educator/icon-question-sum.png"/>
        	<file href="common/images/educator/icon-question-unrestricted-elective-credits.png"/>
        	<file href="common/webfonts/TitilliumText22L002-webfont.woff"/>
        	<file href="common/webfonts/TitilliumText22L002-webfont.ttf"/>
        	<file href="common/webfonts/TitilliumText22L002-webfont.svg"/>
        	<file href="common/webfonts/TitilliumText22L002-webfont.eot"/>
        	<file href="common/webfonts/TitilliumText22L003-webfont.woff"/>
        	<file href="common/webfonts/TitilliumText22L003-webfont.ttf"/>
        	<file href="common/webfonts/TitilliumText22L003-webfont.eot"/>
        	<file href="common/webfonts/TitilliumText22L003-webfont.svg"/>
        	<file href="common/webfonts/TitilliumText22L005-webfont.woff"/>
        	<file href="common/webfonts/TitilliumText22L005-webfont.ttf"/>
        	<file href="common/webfonts/TitilliumText22L005-webfont.svg"/>
        	<file href="common/webfonts/TitilliumText22L005-webfont.eot"/>
        </resource>        
  </resources>
</manifest>
